timestamp,kwh,building
2025-01-01 00:00:00,1.849,BuildingA
2025-01-01 00:00:00,1.971,BuildingC
2025-01-01 00:00:00,1.611,BuildingB
2025-01-01 01:00:00,2.315,BuildingA
2025-01-01 01:00:00,2.181,BuildingC
2025-01-01 01:00:00,2.032,BuildingB
2025-01-01 02:00:00,2.072,BuildingA
2025-01-01 02:00:00,1.925,BuildingC
2025-01-01 02:00:00,2.137,BuildingB
2025-01-01 03:00:00,2.319,BuildingC
2025-01-01 03:00:00,2.436,BuildingB
2025-01-01 03:00:00,2.612,BuildingA
2025-01-01 04:00:00,2.026,BuildingB
2025-01-01 04:00:00,2.198,BuildingA
2025-01-01 04:00:00,2.425,BuildingC
2025-01-01 05:00:00,2.193,BuildingB
2025-01-01 05:00:00,2.486,BuildingA
2025-01-01 05:00:00,0.0,BuildingC
2025-01-01 06:00:00,2.356,BuildingB
2025-01-01 06:00:00,2.2,BuildingC
2025-01-01 06:00:00,2.56,BuildingA
2025-01-01 07:00:00,2.69,BuildingC
2025-01-01 07:00:00,2.606,BuildingA
2025-01-01 07:00:00,2.337,BuildingB
2025-01-01 08:00:00,2.696,BuildingC
2025-01-01 08:00:00,2.485,BuildingA
2025-01-01 08:00:00,2.33,BuildingB
2025-01-01 09:00:00,2.365,BuildingC
2025-01-01 09:00:00,2.037,BuildingA
2025-01-01 09:00:00,2.491,BuildingB
2025-01-01 10:00:00,2.11,BuildingC
2025-01-01 10:00:00,1.849,BuildingA
2025-01-01 10:00:00,1.961,BuildingB
2025-01-01 11:00:00,2.07,BuildingC
2025-01-01 11:00:00,1.599,BuildingB
2025-01-01 11:00:00,1.518,BuildingA
2025-01-01 12:00:00,1.219,BuildingB
2025-01-01 12:00:00,1.498,BuildingC
2025-01-01 12:00:00,1.984,BuildingA
2025-01-01 13:00:00,1.114,BuildingB
2025-01-01 13:00:00,1.647,BuildingC
2025-01-01 13:00:00,1.331,BuildingA
2025-01-01 14:00:00,1.176,BuildingB
2025-01-01 14:00:00,1.273,BuildingC
2025-01-01 14:00:00,1.131,BuildingA
2025-01-01 15:00:00,1.4,BuildingB
2025-01-01 15:00:00,0.893,BuildingC
2025-01-01 15:00:00,1.625,BuildingA
2025-01-01 16:00:00,1.125,BuildingC
2025-01-01 16:00:00,1.125,BuildingA
2025-01-01 16:00:00,0.767,BuildingB
2025-01-01 17:00:00,0.872,BuildingA
2025-01-01 17:00:00,0.664,BuildingB
2025-01-01 17:00:00,0.973,BuildingC
2025-01-01 18:00:00,0.98,BuildingA
2025-01-01 18:00:00,1.425,BuildingB
2025-01-01 18:00:00,0.836,BuildingC
2025-01-01 19:00:00,1.167,BuildingA
2025-01-01 19:00:00,1.257,BuildingB
2025-01-01 19:00:00,1.028,BuildingC
2025-01-01 20:00:00,1.214,BuildingA
2025-01-01 20:00:00,1.054,BuildingB
2025-01-01 20:00:00,1.187,BuildingC
2025-01-01 21:00:00,1.303,BuildingB
2025-01-01 21:00:00,1.259,BuildingC
2025-01-01 21:00:00,1.778,BuildingA
2025-01-01 22:00:00,1.258,BuildingC
2025-01-01 22:00:00,1.434,BuildingB
2025-01-01 22:00:00,2.042,BuildingA
2025-01-01 23:00:00,1.633,BuildingC
2025-01-01 23:00:00,1.58,BuildingB
2025-01-01 23:00:00,1.581,BuildingA
2025-01-02 00:00:00,1.879,BuildingB
2025-01-02 00:00:00,1.445,BuildingA
2025-01-02 00:00:00,1.936,BuildingC
2025-01-02 01:00:00,1.984,BuildingA
2025-01-02 01:00:00,2.266,BuildingC
2025-01-02 01:00:00,2.015,BuildingB
2025-01-02 02:00:00,2.237,BuildingA
2025-01-02 02:00:00,2.249,BuildingC
2025-01-02 02:00:00,1.919,BuildingB
2025-01-02 03:00:00,2.22,BuildingA
2025-01-02 03:00:00,2.005,BuildingB
2025-01-02 03:00:00,2.568,BuildingC
2025-01-02 04:00:00,2.431,BuildingB
2025-01-02 04:00:00,2.382,BuildingC
2025-01-02 04:00:00,2.538,BuildingA
2025-01-02 05:00:00,2.58,BuildingB
2025-01-02 05:00:00,2.443,BuildingC
2025-01-02 05:00:00,2.595,BuildingA
2025-01-02 06:00:00,2.488,BuildingB
2025-01-02 06:00:00,2.237,BuildingC
2025-01-02 06:00:00,2.669,BuildingA
2025-01-02 07:00:00,2.083,BuildingB
2025-01-02 07:00:00,2.34,BuildingC
2025-01-02 07:00:00,2.331,BuildingA
2025-01-02 08:00:00,2.06,BuildingB
2025-01-02 08:00:00,2.045,BuildingA
2025-01-02 08:00:00,2.198,BuildingC
2025-01-02 09:00:00,2.427,BuildingA
2025-01-02 09:00:00,2.256,BuildingB
2025-01-02 09:00:00,2.242,BuildingC
2025-01-02 10:00:00,2.041,BuildingA
2025-01-02 10:00:00,2.109,BuildingB
2025-01-02 10:00:00,1.997,BuildingC
2025-01-02 11:00:00,2.148,BuildingA
2025-01-02 11:00:00,1.556,BuildingB
2025-01-02 11:00:00,1.542,BuildingC
2025-01-02 12:00:00,1.794,BuildingA
2025-01-02 12:00:00,1.853,BuildingB
2025-01-02 12:00:00,1.744,BuildingC
2025-01-02 13:00:00,1.121,BuildingB
2025-01-02 13:00:00,1.664,BuildingC
2025-01-02 13:00:00,1.42,BuildingA
2025-01-02 14:00:00,0.92,BuildingC
2025-01-02 14:00:00,1.279,BuildingA
2025-01-02 14:00:00,1.16,BuildingB
2025-01-02 15:00:00,0.923,BuildingC
2025-01-02 15:00:00,1.307,BuildingA
2025-01-02 15:00:00,0.797,BuildingB
2025-01-02 16:00:00,0.741,BuildingC
2025-01-02 16:00:00,1.14,BuildingA
2025-01-02 16:00:00,1.188,BuildingB
2025-01-02 17:00:00,1.036,BuildingC
2025-01-02 17:00:00,1.093,BuildingA
2025-01-02 17:00:00,0.909,BuildingB
2025-01-02 18:00:00,1.004,BuildingC
2025-01-02 18:00:00,0.816,BuildingB
2025-01-02 18:00:00,0.867,BuildingA
2025-01-02 19:00:00,0.719,BuildingB
2025-01-02 19:00:00,1.23,BuildingA
2025-01-02 19:00:00,0.76,BuildingC
2025-01-02 20:00:00,0.585,BuildingB
2025-01-02 20:00:00,1.017,BuildingA
2025-01-02 20:00:00,1.175,BuildingC
2025-01-02 21:00:00,1.277,BuildingA
2025-01-02 21:00:00,1.332,BuildingC
2025-01-02 21:00:00,1.259,BuildingB
2025-01-02 22:00:00,1.653,BuildingC
2025-01-02 22:00:00,1.354,BuildingB
2025-01-02 22:00:00,1.634,BuildingA
2025-01-02 23:00:00,1.71,BuildingC
2025-01-02 23:00:00,1.847,BuildingB
2025-01-02 23:00:00,1.634,BuildingA
2025-01-03 00:00:00,1.844,BuildingC
2025-01-03 00:00:00,1.496,BuildingA
2025-01-03 00:00:00,1.677,BuildingB
2025-01-03 01:00:00,1.841,BuildingA
2025-01-03 01:00:00,1.389,BuildingB
2025-01-03 01:00:00,1.909,BuildingC
2025-01-03 02:00:00,2.201,BuildingA
2025-01-03 02:00:00,2.028,BuildingB
2025-01-03 02:00:00,2.165,BuildingC
2025-01-03 03:00:00,2.552,BuildingA
2025-01-03 03:00:00,2.119,BuildingB
2025-01-03 03:00:00,2.41,BuildingC
2025-01-03 04:00:00,2.554,BuildingA
2025-01-03 04:00:00,2.01,BuildingB
2025-01-03 04:00:00,2.357,BuildingC
2025-01-03 05:00:00,2.988,BuildingA
2025-01-03 05:00:00,2.427,BuildingC
2025-01-03 05:00:00,2.752,BuildingB
2025-01-03 06:00:00,2.627,BuildingC
2025-01-03 06:00:00,2.575,BuildingA
2025-01-03 06:00:00,2.566,BuildingB
2025-01-03 07:00:00,2.737,BuildingC
2025-01-03 07:00:00,2.87,BuildingA
2025-01-03 07:00:00,2.527,BuildingB
2025-01-03 08:00:00,2.229,BuildingC
2025-01-03 08:00:00,2.282,BuildingA
2025-01-03 08:00:00,2.209,BuildingB
2025-01-03 09:00:00,2.243,BuildingC
2025-01-03 09:00:00,2.35,BuildingA
2025-01-03 09:00:00,2.256,BuildingB
2025-01-03 10:00:00,2.287,BuildingA
2025-01-03 10:00:00,2.136,BuildingB
2025-01-03 10:00:00,2.304,BuildingC
2025-01-03 11:00:00,1.865,BuildingB
2025-01-03 11:00:00,1.851,BuildingC
2025-01-03 11:00:00,1.903,BuildingA
2025-01-03 12:00:00,1.617,BuildingB
2025-01-03 12:00:00,1.227,BuildingC
2025-01-03 12:00:00,1.488,BuildingA
2025-01-03 13:00:00,1.651,BuildingB
2025-01-03 13:00:00,1.416,BuildingC
2025-01-03 13:00:00,1.675,BuildingA
2025-01-03 14:00:00,1.196,BuildingB
2025-01-03 14:00:00,1.763,BuildingC
2025-01-03 14:00:00,1.022,BuildingA
2025-01-03 15:00:00,1.323,BuildingC
2025-01-03 15:00:00,1.128,BuildingA
2025-01-03 15:00:00,0.756,BuildingB
2025-01-03 16:00:00,0.949,BuildingA
2025-01-03 16:00:00,1.143,BuildingC
2025-01-03 16:00:00,0.788,BuildingB
2025-01-03 17:00:00,0.889,BuildingA
2025-01-03 17:00:00,0.761,BuildingC
2025-01-03 17:00:00,0.669,BuildingB
2025-01-03 18:00:00,1.199,BuildingC
2025-01-03 18:00:00,0.943,BuildingB
2025-01-03 18:00:00,0.946,BuildingA
2025-01-03 19:00:00,0.826,BuildingB
2025-01-03 19:00:00,0.911,BuildingA
2025-01-03 19:00:00,0.874,BuildingC
2025-01-03 20:00:00,0.799,BuildingB
2025-01-03 20:00:00,1.188,BuildingA
2025-01-03 20:00:00,1.013,BuildingC
2025-01-03 21:00:00,0.951,BuildingB
2025-01-03 21:00:00,1.454,BuildingC
2025-01-03 21:00:00,1.485,BuildingA
2025-01-03 22:00:00,1.874,BuildingC
2025-01-03 22:00:00,1.408,BuildingA
2025-01-03 22:00:00,1.332,BuildingB
2025-01-03 23:00:00,1.273,BuildingC
2025-01-03 23:00:00,1.858,BuildingA
2025-01-03 23:00:00,1.459,BuildingB
2025-01-04 00:00:00,1.869,BuildingC
2025-01-04 00:00:00,1.357,BuildingA
2025-01-04 00:00:00,1.614,BuildingB
2025-01-04 01:00:00,2.279,BuildingC
2025-01-04 01:00:00,2.192,BuildingA
2025-01-04 01:00:00,1.55,BuildingB
2025-01-04 02:00:00,2.31,BuildingC
2025-01-04 02:00:00,2.271,BuildingB
2025-01-04 02:00:00,2.455,BuildingA
2025-01-04 03:00:00,2.227,BuildingB
2025-01-04 03:00:00,2.234,BuildingC
2025-01-04 03:00:00,1.973,BuildingA
2025-01-04 04:00:00,2.514,BuildingB
2025-01-04 04:00:00,2.605,BuildingC
2025-01-04 04:00:00,2.313,BuildingA
2025-01-04 05:00:00,2.809,BuildingB
2025-01-04 05:00:00,2.274,BuildingC
2025-01-04 05:00:00,2.815,BuildingA
2025-01-04 06:00:00,2.365,BuildingB
2025-01-04 06:00:00,2.458,BuildingC
2025-01-04 06:00:00,2.35,BuildingA
2025-01-04 07:00:00,2.09,BuildingC
2025-01-04 07:00:00,2.319,BuildingA
2025-01-04 07:00:00,2.387,BuildingB
2025-01-04 08:00:00,2.565,BuildingA
2025-01-04 08:00:00,2.118,BuildingB
2025-01-04 08:00:00,2.572,BuildingC
2025-01-04 09:00:00,2.221,BuildingA
2025-01-04 09:00:00,2.056,BuildingB
2025-01-04 09:00:00,2.397,BuildingC
2025-01-04 10:00:00,2.112,BuildingA
2025-01-04 10:00:00,1.798,BuildingB
2025-01-04 10:00:00,1.899,BuildingC
2025-01-04 11:00:00,1.894,BuildingA
2025-01-04 11:00:00,1.458,BuildingB
2025-01-04 11:00:00,1.694,BuildingC
2025-01-04 12:00:00,1.762,BuildingB
2025-01-04 12:00:00,1.726,BuildingC
2025-01-04 12:00:00,1.63,BuildingA
2025-01-04 13:00:00,1.268,BuildingC
2025-01-04 13:00:00,1.25,BuildingB
2025-01-04 13:00:00,1.518,BuildingA
2025-01-04 14:00:00,1.086,BuildingC
2025-01-04 14:00:00,0.972,BuildingB
2025-01-04 14:00:00,1.308,BuildingA
2025-01-04 15:00:00,0.983,BuildingB
2025-01-04 15:00:00,1.296,BuildingA
2025-01-04 15:00:00,1.044,BuildingC
2025-01-04 16:00:00,0.983,BuildingA
2025-01-04 16:00:00,0.876,BuildingC
2025-01-04 16:00:00,0.796,BuildingB
2025-01-04 17:00:00,0.743,BuildingA
2025-01-04 17:00:00,0.565,BuildingC
2025-01-04 17:00:00,1.011,BuildingB
2025-01-04 18:00:00,0.991,BuildingA
2025-01-04 18:00:00,0.879,BuildingB
2025-01-04 18:00:00,0.852,BuildingC
2025-01-04 19:00:00,1.0,BuildingB
2025-01-04 19:00:00,0.78,BuildingC
2025-01-04 19:00:00,1.298,BuildingA
2025-01-04 20:00:00,1.093,BuildingB
2025-01-04 20:00:00,1.28,BuildingC
2025-01-04 20:00:00,1.435,BuildingA
2025-01-04 21:00:00,1.295,BuildingB
2025-01-04 21:00:00,1.248,BuildingC
2025-01-04 21:00:00,1.612,BuildingA
2025-01-04 22:00:00,1.676,BuildingB
2025-01-04 22:00:00,1.277,BuildingC
2025-01-04 22:00:00,1.82,BuildingA
2025-01-04 23:00:00,1.443,BuildingB
2025-01-04 23:00:00,1.584,BuildingA
2025-01-04 23:00:00,2.007,BuildingC
2025-01-05 00:00:00,1.587,BuildingA
2025-01-05 00:00:00,2.012,BuildingC
2025-01-05 00:00:00,1.67,BuildingB
2025-01-05 01:00:00,2.407,BuildingA
2025-01-05 01:00:00,1.644,BuildingC
2025-01-05 01:00:00,1.915,BuildingB
2025-01-05 02:00:00,1.977,BuildingC
2025-01-05 02:00:00,1.83,BuildingB
2025-01-05 02:00:00,1.893,BuildingA
2025-01-05 03:00:00,2.171,BuildingB
2025-01-05 03:00:00,2.48,BuildingA
2025-01-05 03:00:00,2.257,BuildingC
2025-01-05 04:00:00,2.485,BuildingB
2025-01-05 04:00:00,2.647,BuildingA
2025-01-05 04:00:00,2.521,BuildingC
2025-01-05 05:00:00,2.942,BuildingB
2025-01-05 05:00:00,2.355,BuildingC
2025-01-05 05:00:00,2.516,BuildingA
2025-01-05 06:00:00,3.037,BuildingC
2025-01-05 06:00:00,2.195,BuildingA
2025-01-05 06:00:00,2.354,BuildingB
2025-01-05 07:00:00,2.475,BuildingC
2025-01-05 07:00:00,2.754,BuildingA
2025-01-05 07:00:00,2.481,BuildingB
2025-01-05 08:00:00,2.521,BuildingC
2025-01-05 08:00:00,2.05,BuildingA
2025-01-05 08:00:00,2.302,BuildingB
2025-01-05 09:00:00,2.25,BuildingC
2025-01-05 09:00:00,2.635,BuildingA
2025-01-05 09:00:00,2.264,BuildingB
2025-01-05 10:00:00,2.039,BuildingA
2025-01-05 10:00:00,2.05,BuildingB
2025-01-05 10:00:00,2.157,BuildingC
2025-01-05 11:00:00,1.756,BuildingB
2025-01-05 11:00:00,1.846,BuildingA
2025-01-05 11:00:00,1.862,BuildingC
2025-01-05 12:00:00,1.46,BuildingB
2025-01-05 12:00:00,1.479,BuildingA
2025-01-05 12:00:00,1.83,BuildingC
2025-01-05 13:00:00,1.497,BuildingA
2025-01-05 13:00:00,1.299,BuildingC
2025-01-05 13:00:00,1.532,BuildingB
2025-01-05 14:00:00,1.246,BuildingC
2025-01-05 14:00:00,1.006,BuildingB
2025-01-05 14:00:00,1.101,BuildingA
2025-01-05 15:00:00,1.154,BuildingC
2025-01-05 15:00:00,1.086,BuildingB
2025-01-05 15:00:00,1.223,BuildingA
2025-01-05 16:00:00,0.944,BuildingC
2025-01-05 16:00:00,0.865,BuildingA
2025-01-05 16:00:00,0.654,BuildingB
2025-01-05 17:00:00,1.12,BuildingA
2025-01-05 17:00:00,0.787,BuildingB
2025-01-05 17:00:00,1.115,BuildingC
2025-01-05 18:00:00,0.885,BuildingA
2025-01-05 18:00:00,1.276,BuildingB
2025-01-05 18:00:00,0.784,BuildingC
2025-01-05 19:00:00,1.097,BuildingA
2025-01-05 19:00:00,0.533,BuildingB
2025-01-05 19:00:00,1.059,BuildingC
2025-01-05 20:00:00,1.279,BuildingA
2025-01-05 20:00:00,1.167,BuildingB
2025-01-05 20:00:00,1.085,BuildingC
2025-01-05 21:00:00,1.55,BuildingA
2025-01-05 21:00:00,1.369,BuildingC
2025-01-05 21:00:00,0.861,BuildingB
2025-01-05 22:00:00,1.469,BuildingC
2025-01-05 22:00:00,1.533,BuildingA
2025-01-05 22:00:00,1.203,BuildingB
2025-01-05 23:00:00,1.885,BuildingC
2025-01-05 23:00:00,1.524,BuildingA
2025-01-05 23:00:00,1.797,BuildingB
2025-01-06 00:00:00,1.661,BuildingC
2025-01-06 00:00:00,1.888,BuildingA
2025-01-06 00:00:00,1.774,BuildingB
2025-01-06 01:00:00,1.993,BuildingC
2025-01-06 01:00:00,1.926,BuildingA
2025-01-06 01:00:00,2.09,BuildingB
2025-01-06 02:00:00,2.353,BuildingA
2025-01-06 02:00:00,2.053,BuildingB
2025-01-06 02:00:00,2.244,BuildingC
2025-01-06 03:00:00,2.309,BuildingB
2025-01-06 03:00:00,2.093,BuildingC
2025-01-06 03:00:00,2.361,BuildingA
2025-01-06 04:00:00,2.063,BuildingB
2025-01-06 04:00:00,2.327,BuildingC
2025-01-06 04:00:00,2.613,BuildingA
2025-01-06 05:00:00,2.513,BuildingB
2025-01-06 05:00:00,2.717,BuildingC
2025-01-06 05:00:00,2.784,BuildingA
2025-01-06 06:00:00,2.062,BuildingB
2025-01-06 06:00:00,2.721,BuildingC
2025-01-06 06:00:00,2.726,BuildingA
2025-01-06 07:00:00,2.448,BuildingB
2025-01-06 07:00:00,2.535,BuildingA
2025-01-06 07:00:00,2.51,BuildingC
2025-01-06 08:00:00,2.4,BuildingA
2025-01-06 08:00:00,2.089,BuildingC
2025-01-06 08:00:00,2.015,BuildingB
2025-01-06 09:00:00,2.536,BuildingA
2025-01-06 09:00:00,2.461,BuildingC
2025-01-06 09:00:00,1.949,BuildingB
2025-01-06 10:00:00,2.074,BuildingC
2025-01-06 10:00:00,2.061,BuildingB
2025-01-06 10:00:00,2.332,BuildingA
2025-01-06 11:00:00,1.751,BuildingB
2025-01-06 11:00:00,1.521,BuildingA
2025-01-06 11:00:00,1.622,BuildingC
2025-01-06 12:00:00,1.24,BuildingB
2025-01-06 12:00:00,1.587,BuildingA
2025-01-06 12:00:00,1.537,BuildingC
2025-01-06 13:00:00,1.462,BuildingB
2025-01-06 13:00:00,1.497,BuildingC
2025-01-06 13:00:00,1.513,BuildingA
2025-01-06 14:00:00,1.083,BuildingC
2025-01-06 14:00:00,1.237,BuildingA
2025-01-06 14:00:00,1.179,BuildingB
2025-01-06 15:00:00,1.037,BuildingC
2025-01-06 15:00:00,0.989,BuildingA
2025-01-06 15:00:00,1.002,BuildingB
2025-01-06 16:00:00,0.848,BuildingC
2025-01-06 16:00:00,1.277,BuildingA
2025-01-06 16:00:00,0.708,BuildingB
2025-01-06 17:00:00,0.918,BuildingC
2025-01-06 17:00:00,0.53,BuildingA
2025-01-06 17:00:00,1.009,BuildingB
2025-01-06 18:00:00,0.973,BuildingC
2025-01-06 18:00:00,0.797,BuildingB
2025-01-06 18:00:00,0.984,BuildingA
2025-01-06 19:00:00,1.069,BuildingB
2025-01-06 19:00:00,0.734,BuildingC
2025-01-06 19:00:00,0.772,BuildingA
2025-01-06 20:00:00,1.064,BuildingB
2025-01-06 20:00:00,1.541,BuildingC
2025-01-06 20:00:00,1.184,BuildingA
2025-01-06 21:00:00,1.23,BuildingB
2025-01-06 21:00:00,1.472,BuildingC
2025-01-06 21:00:00,1.301,BuildingA
2025-01-06 22:00:00,1.641,BuildingB
2025-01-06 22:00:00,1.49,BuildingC
2025-01-06 22:00:00,1.641,BuildingA
2025-01-06 23:00:00,1.627,BuildingC
2025-01-06 23:00:00,2.085,BuildingA
2025-01-06 23:00:00,1.613,BuildingB
2025-01-07 00:00:00,1.996,BuildingA
2025-01-07 00:00:00,1.946,BuildingB
2025-01-07 00:00:00,1.712,BuildingC
2025-01-07 01:00:00,2.343,BuildingA
2025-01-07 01:00:00,2.092,BuildingB
2025-01-07 01:00:00,1.797,BuildingC
2025-01-07 02:00:00,2.415,BuildingA
2025-01-07 02:00:00,1.865,BuildingB
2025-01-07 02:00:00,1.921,BuildingC
2025-01-07 03:00:00,2.645,BuildingA
2025-01-07 03:00:00,1.635,BuildingB
2025-01-07 03:00:00,2.393,BuildingC
2025-01-07 04:00:00,2.413,BuildingB
2025-01-07 04:00:00,2.201,BuildingC
2025-01-07 04:00:00,2.422,BuildingA
2025-01-07 05:00:00,2.366,BuildingC
2025-01-07 05:00:00,2.177,BuildingB
2025-01-07 05:00:00,2.628,BuildingA
2025-01-07 06:00:00,2.338,BuildingC
2025-01-07 06:00:00,2.584,BuildingB
2025-01-07 06:00:00,2.379,BuildingA
2025-01-07 07:00:00,2.522,BuildingB
2025-01-07 07:00:00,2.551,BuildingA
2025-01-07 07:00:00,2.592,BuildingC
2025-01-07 08:00:00,2.802,BuildingA
2025-01-07 08:00:00,2.726,BuildingC
2025-01-07 08:00:00,2.496,BuildingB
2025-01-07 09:00:00,2.213,BuildingA
2025-01-07 09:00:00,2.387,BuildingC
2025-01-07 09:00:00,1.921,BuildingB
2025-01-07 10:00:00,2.246,BuildingA
2025-01-07 10:00:00,1.67,BuildingB
2025-01-07 10:00:00,2.102,BuildingC
2025-01-07 11:00:00,1.94,BuildingB
2025-01-07 11:00:00,1.74,BuildingC
2025-01-07 11:00:00,1.71,BuildingA
2025-01-07 12:00:00,1.658,BuildingB
2025-01-07 12:00:00,2.033,BuildingC
2025-01-07 12:00:00,1.725,BuildingA
2025-01-07 13:00:00,1.258,BuildingB
2025-01-07 13:00:00,1.525,BuildingC
2025-01-07 13:00:00,1.872,BuildingA
2025-01-07 14:00:00,1.149,BuildingB
2025-01-07 14:00:00,1.572,BuildingC
2025-01-07 14:00:00,1.779,BuildingA
2025-01-07 15:00:00,1.002,BuildingB
2025-01-07 15:00:00,1.251,BuildingA
2025-01-07 15:00:00,1.355,BuildingC
2025-01-07 16:00:00,0.921,BuildingA
2025-01-07 16:00:00,0.694,BuildingB
2025-01-07 16:00:00,0.876,BuildingC
2025-01-07 17:00:00,0.959,BuildingA
2025-01-07 17:00:00,1.075,BuildingB
2025-01-07 17:00:00,1.438,BuildingC
2025-01-07 18:00:00,0.871,BuildingA
2025-01-07 18:00:00,0.678,BuildingB
2025-01-07 18:00:00,0.922,BuildingC
2025-01-07 19:00:00,1.203,BuildingA
2025-01-07 19:00:00,0.959,BuildingB
2025-01-07 19:00:00,0.864,BuildingC
2025-01-07 20:00:00,1.382,BuildingC
2025-01-07 20:00:00,0.862,BuildingA
2025-01-07 20:00:00,1.238,BuildingB
2025-01-07 21:00:00,1.391,BuildingC
2025-01-07 21:00:00,1.14,BuildingA
2025-01-07 21:00:00,1.159,BuildingB
2025-01-07 22:00:00,1.405,BuildingB
2025-01-07 22:00:00,1.13,BuildingC
2025-01-07 22:00:00,1.83,BuildingA
2025-01-07 23:00:00,1.608,BuildingC
2025-01-07 23:00:00,1.54,BuildingB
2025-01-07 23:00:00,1.705,BuildingA
2025-01-08 00:00:00,1.709,BuildingB
2025-01-08 00:00:00,2.214,BuildingA
2025-01-08 00:00:00,1.62,BuildingC
2025-01-08 01:00:00,2.032,BuildingB
2025-01-08 01:00:00,1.937,BuildingA
2025-01-08 01:00:00,2.208,BuildingC
2025-01-08 02:00:00,2.509,BuildingB
2025-01-08 02:00:00,2.55,BuildingA
2025-01-08 02:00:00,2.415,BuildingC
2025-01-08 03:00:00,2.399,BuildingB
2025-01-08 03:00:00,2.214,BuildingA
2025-01-08 03:00:00,2.413,BuildingC
2025-01-08 04:00:00,2.985,BuildingC
2025-01-08 04:00:00,2.323,BuildingA
2025-01-08 04:00:00,2.275,BuildingB
2025-01-08 05:00:00,2.788,BuildingC
2025-01-08 05:00:00,2.403,BuildingB
2025-01-08 05:00:00,2.325,BuildingA
2025-01-08 06:00:00,2.495,BuildingC
2025-01-08 06:00:00,2.857,BuildingB
2025-01-08 06:00:00,2.487,BuildingA
2025-01-08 07:00:00,2.566,BuildingC
2025-01-08 07:00:00,2.369,BuildingB
2025-01-08 07:00:00,2.616,BuildingA
2025-01-08 08:00:00,2.693,BuildingA
2025-01-08 08:00:00,2.173,BuildingC
2025-01-08 08:00:00,2.331,BuildingB
2025-01-08 09:00:00,2.283,BuildingA
2025-01-08 09:00:00,1.611,BuildingB
2025-01-08 09:00:00,2.435,BuildingC
2025-01-08 10:00:00,2.323,BuildingA
2025-01-08 10:00:00,2.139,BuildingC
2025-01-08 10:00:00,2.3,BuildingB
2025-01-08 11:00:00,1.819,BuildingC
2025-01-08 11:00:00,1.665,BuildingB
2025-01-08 11:00:00,1.96,BuildingA
2025-01-08 12:00:00,1.688,BuildingA
2025-01-08 12:00:00,1.659,BuildingB
2025-01-08 12:00:00,1.689,BuildingC
2025-01-08 13:00:00,1.324,BuildingB
2025-01-08 13:00:00,1.62,BuildingC
2025-01-08 13:00:00,1.496,BuildingA
2025-01-08 14:00:00,0.843,BuildingA
2025-01-08 14:00:00,1.591,BuildingC
2025-01-08 14:00:00,1.075,BuildingB
2025-01-08 15:00:00,0.975,BuildingC
2025-01-08 15:00:00,1.208,BuildingA
2025-01-08 15:00:00,1.093,BuildingB
2025-01-08 16:00:00,0.937,BuildingA
2025-01-08 16:00:00,0.842,BuildingC
2025-01-08 16:00:00,0.935,BuildingB
2025-01-08 17:00:00,1.119,BuildingA
2025-01-08 17:00:00,0.782,BuildingC
2025-01-08 17:00:00,0.825,BuildingB
2025-01-08 18:00:00,0.962,BuildingA
2025-01-08 18:00:00,0.844,BuildingC
2025-01-08 18:00:00,1.081,BuildingB
2025-01-08 19:00:00,1.014,BuildingA
2025-01-08 19:00:00,1.075,BuildingB
2025-01-08 19:00:00,1.009,BuildingC
2025-01-08 20:00:00,1.396,BuildingB
2025-01-08 20:00:00,1.09,BuildingA
2025-01-08 20:00:00,1.118,BuildingC
2025-01-08 21:00:00,0.712,BuildingB
2025-01-08 21:00:00,1.505,BuildingA
2025-01-08 21:00:00,1.431,BuildingC
2025-01-08 22:00:00,1.521,BuildingA
2025-01-08 22:00:00,1.885,BuildingB
2025-01-08 22:00:00,1.446,BuildingC
2025-01-08 23:00:00,1.678,BuildingC
2025-01-08 23:00:00,1.491,BuildingB
2025-01-08 23:00:00,2.028,BuildingA
2025-01-09 00:00:00,1.504,BuildingC
2025-01-09 00:00:00,1.67,BuildingB
2025-01-09 00:00:00,2.022,BuildingA
2025-01-09 01:00:00,2.232,BuildingC
2025-01-09 01:00:00,1.88,BuildingA
2025-01-09 01:00:00,2.035,BuildingB
2025-01-09 02:00:00,1.688,BuildingC
2025-01-09 02:00:00,1.688,BuildingA
2025-01-09 02:00:00,2.363,BuildingB
2025-01-09 03:00:00,2.344,BuildingA
2025-01-09 03:00:00,2.368,BuildingC
2025-01-09 03:00:00,2.902,BuildingB
2025-01-09 04:00:00,2.392,BuildingC
2025-01-09 04:00:00,2.305,BuildingB
2025-01-09 04:00:00,2.266,BuildingA
2025-01-09 05:00:00,2.364,BuildingC
2025-01-09 05:00:00,2.67,BuildingA
2025-01-09 05:00:00,2.561,BuildingB
2025-01-09 06:00:00,2.484,BuildingA
2025-01-09 06:00:00,2.713,BuildingB
2025-01-09 06:00:00,2.594,BuildingC
2025-01-09 07:00:00,2.512,BuildingC
2025-01-09 07:00:00,2.526,BuildingA
2025-01-09 07:00:00,2.404,BuildingB
2025-01-09 08:00:00,2.197,BuildingC
2025-01-09 08:00:00,2.532,BuildingB
2025-01-09 08:00:00,2.373,BuildingA
2025-01-09 09:00:00,2.285,BuildingA
2025-01-09 09:00:00,2.236,BuildingC
2025-01-09 09:00:00,2.316,BuildingB
2025-01-09 10:00:00,1.834,BuildingB
2025-01-09 10:00:00,1.891,BuildingA
2025-01-09 10:00:00,1.987,BuildingC
2025-01-09 11:00:00,2.114,BuildingC
2025-01-09 11:00:00,2.297,BuildingA
2025-01-09 11:00:00,1.596,BuildingB
2025-01-09 12:00:00,1.631,BuildingA
2025-01-09 12:00:00,1.358,BuildingC
2025-01-09 12:00:00,1.589,BuildingB
2025-01-09 13:00:00,1.844,BuildingB
2025-01-09 13:00:00,1.802,BuildingA
2025-01-09 13:00:00,1.365,BuildingC
2025-01-09 14:00:00,1.083,BuildingC
2025-01-09 14:00:00,1.105,BuildingB
2025-01-09 14:00:00,0.759,BuildingA
2025-01-09 15:00:00,1.039,BuildingC
2025-01-09 15:00:00,0.874,BuildingB
2025-01-09 15:00:00,0.752,BuildingA
2025-01-09 16:00:00,1.098,BuildingB
2025-01-09 16:00:00,0.996,BuildingA
2025-01-09 16:00:00,1.121,BuildingC
2025-01-09 17:00:00,1.228,BuildingC
2025-01-09 17:00:00,0.681,BuildingB
2025-01-09 17:00:00,1.202,BuildingA
2025-01-09 18:00:00,0.66,BuildingB
2025-01-09 18:00:00,1.252,BuildingC
2025-01-09 18:00:00,0.379,BuildingA
2025-01-09 19:00:00,1.02,BuildingA
2025-01-09 19:00:00,0.828,BuildingC
2025-01-09 19:00:00,1.054,BuildingB
2025-01-09 20:00:00,1.367,BuildingA
2025-01-09 20:00:00,1.013,BuildingB
2025-01-09 20:00:00,0.993,BuildingC
2025-01-09 21:00:00,1.165,BuildingB
2025-01-09 21:00:00,1.858,BuildingC
2025-01-09 21:00:00,1.496,BuildingA
2025-01-09 22:00:00,1.458,BuildingB
2025-01-09 22:00:00,1.798,BuildingC
2025-01-09 22:00:00,1.658,BuildingA
2025-01-09 23:00:00,1.524,BuildingC
2025-01-09 23:00:00,1.997,BuildingA
2025-01-09 23:00:00,1.605,BuildingB
2025-01-10 00:00:00,1.461,BuildingB
2025-01-10 00:00:00,1.857,BuildingC
2025-01-10 00:00:00,2.127,BuildingA
2025-01-10 01:00:00,2.151,BuildingA
2025-01-10 01:00:00,2.18,BuildingB
2025-01-10 01:00:00,2.113,BuildingC
2025-01-10 02:00:00,2.185,BuildingA
2025-01-10 02:00:00,1.996,BuildingB
2025-01-10 02:00:00,2.345,BuildingC
2025-01-10 03:00:00,2.457,BuildingB
2025-01-10 03:00:00,2.425,BuildingC
2025-01-10 03:00:00,2.381,BuildingA
2025-01-10 04:00:00,2.448,BuildingA
2025-01-10 04:00:00,2.271,BuildingB
2025-01-10 04:00:00,2.45,BuildingC
2025-01-10 05:00:00,2.238,BuildingA
2025-01-10 05:00:00,2.736,BuildingC
2025-01-10 05:00:00,2.34,BuildingB
2025-01-10 06:00:00,2.443,BuildingC
2025-01-10 06:00:00,2.607,BuildingA
2025-01-10 06:00:00,2.35,BuildingB
2025-01-10 07:00:00,2.203,BuildingB
2025-01-10 07:00:00,2.56,BuildingA
2025-01-10 07:00:00,2.461,BuildingC
2025-01-10 08:00:00,2.427,BuildingC
2025-01-10 08:00:00,2.258,BuildingA
2025-01-10 08:00:00,2.097,BuildingB
2025-01-10 09:00:00,1.925,BuildingC
2025-01-10 09:00:00,1.752,BuildingB
2025-01-10 09:00:00,2.541,BuildingA
2025-01-10 10:00:00,1.612,BuildingB
2025-01-10 10:00:00,2.18,BuildingA
2025-01-10 10:00:00,2.247,BuildingC
2025-01-10 11:00:00,2.024,BuildingB
2025-01-10 11:00:00,1.799,BuildingA
2025-01-10 11:00:00,1.966,BuildingC
2025-01-10 12:00:00,1.872,BuildingC
2025-01-10 12:00:00,1.95,BuildingB
2025-01-10 12:00:00,1.872,BuildingA
2025-01-10 13:00:00,1.317,BuildingB
2025-01-10 13:00:00,1.324,BuildingA
2025-01-10 13:00:00,1.363,BuildingC
2025-01-10 14:00:00,1.181,BuildingA
2025-01-10 14:00:00,1.567,BuildingC
2025-01-10 14:00:00,1.31,BuildingB
2025-01-10 15:00:00,1.122,BuildingB
2025-01-10 15:00:00,0.956,BuildingA
2025-01-10 15:00:00,1.398,BuildingC
2025-01-10 16:00:00,1.406,BuildingB
2025-01-10 16:00:00,1.066,BuildingC
2025-01-10 16:00:00,0.988,BuildingA
2025-01-10 17:00:00,0.706,BuildingB
2025-01-10 17:00:00,1.208,BuildingA
2025-01-10 17:00:00,0.835,BuildingC
2025-01-10 18:00:00,0.68,BuildingB
2025-01-10 18:00:00,1.189,BuildingC
2025-01-10 18:00:00,1.347,BuildingA
2025-01-10 19:00:00,1.031,BuildingB
2025-01-10 19:00:00,1.153,BuildingC
2025-01-10 19:00:00,1.061,BuildingA
2025-01-10 20:00:00,1.199,BuildingC
2025-01-10 20:00:00,0.997,BuildingB
2025-01-10 20:00:00,1.201,BuildingA
2025-01-10 21:00:00,1.117,BuildingA
2025-01-10 21:00:00,0.986,BuildingC
2025-01-10 21:00:00,1.62,BuildingB
2025-01-10 22:00:00,1.485,BuildingA
2025-01-10 22:00:00,1.501,BuildingC
2025-01-10 22:00:00,1.841,BuildingB
2025-01-10 23:00:00,1.943,BuildingC
2025-01-10 23:00:00,1.878,BuildingA
2025-01-10 23:00:00,1.929,BuildingB
2025-01-11 00:00:00,1.753,BuildingB
2025-01-11 00:00:00,1.86,BuildingC
2025-01-11 00:00:00,1.697,BuildingA
2025-01-11 01:00:00,2.026,BuildingB
2025-01-11 01:00:00,1.948,BuildingC
2025-01-11 01:00:00,2.285,BuildingA
2025-01-11 02:00:00,2.007,BuildingC
2025-01-11 02:00:00,2.336,BuildingA
2025-01-11 02:00:00,1.669,BuildingB
2025-01-11 03:00:00,2.595,BuildingA
2025-01-11 03:00:00,1.99,BuildingC
2025-01-11 03:00:00,2.208,BuildingB
2025-01-11 04:00:00,1.997,BuildingA
2025-01-11 04:00:00,2.56,BuildingC
2025-01-11 04:00:00,2.521,BuildingB
2025-01-11 05:00:00,2.597,BuildingC
2025-01-11 05:00:00,2.786,BuildingA
2025-01-11 05:00:00,2.568,BuildingB
2025-01-11 06:00:00,2.299,BuildingC
2025-01-11 06:00:00,2.427,BuildingB
2025-01-11 06:00:00,2.394,BuildingA
2025-01-11 07:00:00,2.631,BuildingB
2025-01-11 07:00:00,2.656,BuildingA
2025-01-11 07:00:00,2.442,BuildingC
2025-01-11 08:00:00,2.635,BuildingC
2025-01-11 08:00:00,2.21,BuildingB
2025-01-11 08:00:00,2.604,BuildingA
2025-01-11 09:00:00,2.551,BuildingA
2025-01-11 09:00:00,2.116,BuildingC
2025-01-11 09:00:00,2.09,BuildingB
2025-01-11 10:00:00,2.376,BuildingA
2025-01-11 10:00:00,1.848,BuildingB
2025-01-11 10:00:00,2.1,BuildingC
2025-01-11 11:00:00,1.513,BuildingC
2025-01-11 11:00:00,1.688,BuildingB
2025-01-11 11:00:00,2.067,BuildingA
2025-01-11 12:00:00,1.815,BuildingB
2025-01-11 12:00:00,1.53,BuildingA
2025-01-11 12:00:00,1.693,BuildingC
2025-01-11 13:00:00,1.414,BuildingA
2025-01-11 13:00:00,1.402,BuildingB
2025-01-11 13:00:00,1.253,BuildingC
2025-01-11 14:00:00,1.016,BuildingC
2025-01-11 14:00:00,1.293,BuildingA
2025-01-11 14:00:00,1.144,BuildingB
2025-01-11 15:00:00,1.078,BuildingA
2025-01-11 15:00:00,1.344,BuildingC
2025-01-11 15:00:00,1.086,BuildingB
2025-01-11 16:00:00,1.015,BuildingA
2025-01-11 16:00:00,0.952,BuildingC
2025-01-11 16:00:00,1.296,BuildingB
2025-01-11 17:00:00,1.239,BuildingA
2025-01-11 17:00:00,0.65,BuildingB
2025-01-11 17:00:00,0.959,BuildingC
2025-01-11 18:00:00,0.748,BuildingC
2025-01-11 18:00:00,0.622,BuildingA
2025-01-11 18:00:00,0.857,BuildingB
2025-01-11 19:00:00,0.816,BuildingC
2025-01-11 19:00:00,1.356,BuildingB
2025-01-11 19:00:00,1.12,BuildingA
2025-01-11 20:00:00,1.371,BuildingA
2025-01-11 20:00:00,1.248,BuildingB
2025-01-11 20:00:00,1.064,BuildingC
2025-01-11 21:00:00,1.447,BuildingB
2025-01-11 21:00:00,1.243,BuildingA
2025-01-11 21:00:00,1.299,BuildingC
2025-01-11 22:00:00,1.279,BuildingC
2025-01-11 22:00:00,1.655,BuildingB
2025-01-11 22:00:00,1.101,BuildingA
2025-01-11 23:00:00,1.785,BuildingA
2025-01-11 23:00:00,1.739,BuildingC
2025-01-11 23:00:00,1.828,BuildingB
2025-01-12 00:00:00,1.746,BuildingA
2025-01-12 00:00:00,1.69,BuildingC
2025-01-12 00:00:00,1.543,BuildingB
2025-01-12 01:00:00,1.895,BuildingC
2025-01-12 01:00:00,1.996,BuildingB
2025-01-12 01:00:00,1.896,BuildingA
2025-01-12 02:00:00,2.019,BuildingA
2025-01-12 02:00:00,1.962,BuildingB
2025-01-12 02:00:00,1.944,BuildingC
2025-01-12 03:00:00,2.222,BuildingB
2025-01-12 03:00:00,2.142,BuildingA
2025-01-12 03:00:00,2.289,BuildingC
2025-01-12 04:00:00,2.428,BuildingA
2025-01-12 04:00:00,2.608,BuildingC
2025-01-12 04:00:00,2.433,BuildingB
2025-01-12 05:00:00,2.552,BuildingA
2025-01-12 05:00:00,2.618,BuildingC
2025-01-12 05:00:00,2.256,BuildingB
2025-01-12 06:00:00,2.321,BuildingB
2025-01-12 06:00:00,2.737,BuildingC
2025-01-12 06:00:00,2.567,BuildingA
2025-01-12 07:00:00,2.842,BuildingB
2025-01-12 07:00:00,2.319,BuildingC
2025-01-12 07:00:00,2.534,BuildingA
2025-01-12 08:00:00,2.534,BuildingB
2025-01-12 08:00:00,2.538,BuildingC
2025-01-12 08:00:00,2.643,BuildingA
2025-01-12 09:00:00,2.361,BuildingC
2025-01-12 09:00:00,2.129,BuildingA
2025-01-12 09:00:00,2.439,BuildingB
2025-01-12 10:00:00,1.968,BuildingC
2025-01-12 10:00:00,2.217,BuildingB
2025-01-12 10:00:00,1.697,BuildingA
2025-01-12 11:00:00,1.981,BuildingB
2025-01-12 11:00:00,1.897,BuildingC
2025-01-12 11:00:00,1.857,BuildingA
2025-01-12 12:00:00,1.733,BuildingC
2025-01-12 12:00:00,1.616,BuildingB
2025-01-12 12:00:00,1.804,BuildingA
2025-01-12 13:00:00,1.522,BuildingC
2025-01-12 13:00:00,1.289,BuildingB
2025-01-12 13:00:00,1.492,BuildingA
2025-01-12 14:00:00,1.407,BuildingA
2025-01-12 14:00:00,1.401,BuildingC
2025-01-12 14:00:00,0.978,BuildingB
2025-01-12 15:00:00,1.268,BuildingA
2025-01-12 15:00:00,1.294,BuildingC
2025-01-12 15:00:00,1.315,BuildingB
2025-01-12 16:00:00,0.984,BuildingA
2025-01-12 16:00:00,0.973,BuildingB
2025-01-12 16:00:00,0.973,BuildingC
2025-01-12 17:00:00,0.833,BuildingA
2025-01-12 17:00:00,1.081,BuildingC
2025-01-12 17:00:00,0.739,BuildingB
2025-01-12 18:00:00,0.772,BuildingB
2025-01-12 18:00:00,1.038,BuildingC
2025-01-12 18:00:00,0.756,BuildingA
2025-01-12 19:00:00,0.754,BuildingB
2025-01-12 19:00:00,0.815,BuildingA
2025-01-12 19:00:00,0.826,BuildingC
2025-01-12 20:00:00,1.178,BuildingA
2025-01-12 20:00:00,1.029,BuildingB
2025-01-12 20:00:00,1.239,BuildingC
2025-01-12 21:00:00,1.641,BuildingC
2025-01-12 21:00:00,1.296,BuildingA
2025-01-12 21:00:00,1.155,BuildingB
2025-01-12 22:00:00,1.496,BuildingC
2025-01-12 22:00:00,1.497,BuildingA
2025-01-12 22:00:00,1.619,BuildingB
2025-01-12 23:00:00,1.775,BuildingB
2025-01-12 23:00:00,1.732,BuildingC
2025-01-12 23:00:00,1.524,BuildingA
2025-01-13 00:00:00,1.431,BuildingB
2025-01-13 00:00:00,1.56,BuildingC
2025-01-13 00:00:00,1.51,BuildingA
2025-01-13 01:00:00,1.775,BuildingB
2025-01-13 01:00:00,1.995,BuildingA
2025-01-13 01:00:00,2.062,BuildingC
2025-01-13 02:00:00,2.112,BuildingB
2025-01-13 02:00:00,1.967,BuildingA
2025-01-13 02:00:00,1.89,BuildingC
2025-01-13 03:00:00,2.367,BuildingB
2025-01-13 03:00:00,2.306,BuildingA
2025-01-13 03:00:00,2.083,BuildingC
2025-01-13 04:00:00,2.807,BuildingB
2025-01-13 04:00:00,2.297,BuildingA
2025-01-13 04:00:00,2.046,BuildingC
2025-01-13 05:00:00,2.024,BuildingA
2025-01-13 05:00:00,2.648,BuildingC
2025-01-13 05:00:00,2.793,BuildingB
2025-01-13 06:00:00,2.526,BuildingB
2025-01-13 06:00:00,2.622,BuildingC
2025-01-13 06:00:00,2.529,BuildingA
2025-01-13 07:00:00,2.534,BuildingC
2025-01-13 07:00:00,2.331,BuildingA
2025-01-13 07:00:00,2.151,BuildingB
2025-01-13 08:00:00,2.31,BuildingA
2025-01-13 08:00:00,2.47,BuildingB
2025-01-13 08:00:00,2.3,BuildingC
2025-01-13 09:00:00,1.99,BuildingC
2025-01-13 09:00:00,2.103,BuildingB
2025-01-13 09:00:00,2.169,BuildingA
2025-01-13 10:00:00,1.659,BuildingB
2025-01-13 10:00:00,2.304,BuildingC
2025-01-13 10:00:00,2.47,BuildingA
2025-01-13 11:00:00,1.874,BuildingB
2025-01-13 11:00:00,1.995,BuildingC
2025-01-13 11:00:00,1.523,BuildingA
2025-01-13 12:00:00,1.718,BuildingB
2025-01-13 12:00:00,1.159,BuildingC
2025-01-13 12:00:00,1.775,BuildingA
2025-01-13 13:00:00,1.272,BuildingC
2025-01-13 13:00:00,1.739,BuildingA
2025-01-13 13:00:00,1.787,BuildingB
2025-01-13 14:00:00,1.187,BuildingA
2025-01-13 14:00:00,1.031,BuildingB
2025-01-13 14:00:00,1.027,BuildingC
2025-01-13 15:00:00,1.022,BuildingA
2025-01-13 15:00:00,1.237,BuildingB
2025-01-13 15:00:00,1.16,BuildingC
2025-01-13 16:00:00,0.75,BuildingA
2025-01-13 16:00:00,0.96,BuildingB
2025-01-13 16:00:00,1.236,BuildingC
2025-01-13 17:00:00,1.098,BuildingC
2025-01-13 17:00:00,0.987,BuildingA
2025-01-13 17:00:00,0.847,BuildingB
2025-01-13 18:00:00,0.837,BuildingC
2025-01-13 18:00:00,0.779,BuildingA
2025-01-13 18:00:00,0.584,BuildingB
2025-01-13 19:00:00,0.863,BuildingC
2025-01-13 19:00:00,1.244,BuildingB
2025-01-13 19:00:00,1.006,BuildingA
2025-01-13 20:00:00,1.056,BuildingB
2025-01-13 20:00:00,1.234,BuildingC
2025-01-13 20:00:00,1.518,BuildingA
2025-01-13 21:00:00,1.083,BuildingB
2025-01-13 21:00:00,1.525,BuildingC
2025-01-13 21:00:00,0.718,BuildingA
2025-01-13 22:00:00,1.544,BuildingC
2025-01-13 22:00:00,1.455,BuildingB
2025-01-13 22:00:00,1.694,BuildingA
2025-01-13 23:00:00,1.602,BuildingA
2025-01-13 23:00:00,1.458,BuildingC
2025-01-13 23:00:00,1.673,BuildingB
2025-01-14 00:00:00,1.707,BuildingA
2025-01-14 00:00:00,2.022,BuildingB
2025-01-14 00:00:00,1.486,BuildingC
2025-01-14 01:00:00,2.122,BuildingA
2025-01-14 01:00:00,2.225,BuildingB
2025-01-14 01:00:00,2.041,BuildingC
2025-01-14 02:00:00,1.862,BuildingB
2025-01-14 02:00:00,2.082,BuildingA
2025-01-14 02:00:00,2.092,BuildingC
2025-01-14 03:00:00,2.705,BuildingC
2025-01-14 03:00:00,2.299,BuildingA
2025-01-14 03:00:00,2.184,BuildingB
2025-01-14 04:00:00,2.242,BuildingC
2025-01-14 04:00:00,2.498,BuildingA
2025-01-14 04:00:00,2.15,BuildingB
2025-01-14 05:00:00,2.626,BuildingC
2025-01-14 05:00:00,2.751,BuildingA
2025-01-14 05:00:00,2.653,BuildingB
2025-01-14 06:00:00,2.05,BuildingC
2025-01-14 06:00:00,2.659,BuildingB
2025-01-14 06:00:00,2.477,BuildingA
2025-01-14 07:00:00,2.327,BuildingA
2025-01-14 07:00:00,2.624,BuildingB
2025-01-14 07:00:00,2.261,BuildingC
2025-01-14 08:00:00,2.242,BuildingC
2025-01-14 08:00:00,2.416,BuildingA
2025-01-14 08:00:00,2.593,BuildingB
2025-01-14 09:00:00,2.075,BuildingB
2025-01-14 09:00:00,2.13,BuildingC
2025-01-14 09:00:00,2.544,BuildingA
2025-01-14 10:00:00,2.146,BuildingC
2025-01-14 10:00:00,2.097,BuildingB
2025-01-14 10:00:00,2.094,BuildingA
2025-01-14 11:00:00,1.653,BuildingA
2025-01-14 11:00:00,1.893,BuildingB
2025-01-14 11:00:00,1.806,BuildingC
2025-01-14 12:00:00,1.934,BuildingC
2025-01-14 12:00:00,1.502,BuildingB
2025-01-14 12:00:00,1.622,BuildingA
2025-01-14 13:00:00,1.384,BuildingC
2025-01-14 13:00:00,1.335,BuildingB
2025-01-14 13:00:00,1.245,BuildingA
2025-01-14 14:00:00,1.481,BuildingC
2025-01-14 14:00:00,1.121,BuildingA
2025-01-14 14:00:00,1.019,BuildingB
2025-01-14 15:00:00,1.059,BuildingB
2025-01-14 15:00:00,1.193,BuildingC
2025-01-14 15:00:00,0.925,BuildingA
2025-01-14 16:00:00,1.014,BuildingC
2025-01-14 16:00:00,0.598,BuildingB
2025-01-14 16:00:00,1.141,BuildingA
2025-01-14 17:00:00,1.107,BuildingA
2025-01-14 17:00:00,1.096,BuildingC
2025-01-14 17:00:00,1.31,BuildingB
2025-01-14 18:00:00,1.064,BuildingC
2025-01-14 18:00:00,1.079,BuildingA
2025-01-14 18:00:00,0.87,BuildingB
2025-01-14 19:00:00,1.159,BuildingA
2025-01-14 19:00:00,1.38,BuildingB
2025-01-14 19:00:00,0.784,BuildingC
2025-01-14 20:00:00,1.424,BuildingB
2025-01-14 20:00:00,1.166,BuildingC
2025-01-14 20:00:00,1.152,BuildingA
2025-01-14 21:00:00,1.078,BuildingB
2025-01-14 21:00:00,1.404,BuildingC
2025-01-14 21:00:00,1.468,BuildingA
2025-01-14 22:00:00,1.479,BuildingC
2025-01-14 22:00:00,1.29,BuildingA
2025-01-14 22:00:00,1.367,BuildingB
2025-01-14 23:00:00,1.856,BuildingB
2025-01-14 23:00:00,1.526,BuildingA
2025-01-14 23:00:00,1.807,BuildingC
